insert or ignore into `highscores` (`game_id`, `highscore_name`, `id`, `requires_video`) values ('jak1', 'Fish', 1, 1);
insert or ignore into `highscores` (`game_id`, `highscore_name`, `id`, `requires_video`) values ('jak2', 'Scatter Gun Gun Course', 2, 1);
insert or ignore into `highscores` (`game_id`, `highscore_name`, `id`, `requires_video`) values ('jak2', 'Blaster Gun Gun Course', 3, 1);
insert or ignore into `highscores` (`game_id`, `highscore_name`, `id`, `requires_video`) values ('jak2', 'Vulcan Barrel Gun Course', 4, 1);
insert or ignore into `highscores` (`game_id`, `highscore_name`, `id`, `requires_video`) values ('jak2', 'Peacemaker Gun Course', 5, 1);
insert or ignore into `highscores` (`game_id`, `highscore_name`, `id`, `requires_video`) values ('jak2', 'Jetboard Challenge', 6, 1);
insert or ignore into `highscores` (`game_id`, `highscore_name`, `id`, `requires_video`) values ('jak2', 'Onin''s Game', 7, 1);
insert or ignore into `highscores` (`game_id`, `highscore_name`, `id`, `requires_video`) values ('jak2', 'Metal Head Mash', 8, 1);
insert or ignore into `highscores` (`game_id`, `highscore_name`, `id`, `requires_video`) values ('jak3', 'Satellite Game', 9, 1);
insert or ignore into `highscores` (`game_id`, `highscore_name`, `id`, `requires_video`) values ('jak3', 'Single Hang Time Challenge', 10, 1);
insert or ignore into `highscores` (`game_id`, `highscore_name`, `id`, `requires_video`) values ('jak3', 'Total Hang Time Challenge', 11, 1);
insert or ignore into `highscores` (`game_id`, `highscore_name`, `id`, `requires_video`) values ('jak3', 'Single Distance Challenge', 12, 1);
insert or ignore into `highscores` (`game_id`, `highscore_name`, `id`, `requires_video`) values ('jak3', 'Total Distance Challenge', 13, 1);
insert or ignore into `highscores` (`game_id`, `highscore_name`, `id`, `requires_video`) values ('jak3', 'Roll Challlenge', 14, 1);
insert or ignore into `highscores` (`game_id`, `highscore_name`, `id`, `requires_video`) values ('jak3', 'Spargus Turret Game', 15, 1);
insert or ignore into `highscores` (`game_id`, `highscore_name`, `id`, `requires_video`) values ('jak3', 'Jetboard Challenge', 16, 1);
insert or ignore into `highscores` (`game_id`, `highscore_name`, `id`, `requires_video`) values ('jak3', 'Beam Reflexor Gun Course', 17, 1);
insert or ignore into `highscores` (`game_id`, `highscore_name`, `id`, `requires_video`) values ('jak3', 'Wave Concussor Gun Course', 18, 1);
insert or ignore into `highscores` (`game_id`, `highscore_name`, `id`, `requires_video`) values ('jak3', 'Ratchet Gun Course', 19, 1);
insert or ignore into `highscores` (`game_id`, `highscore_name`, `id`, `requires_video`) values ('jak3', 'Clank Gun Course', 20, 1);
insert or ignore into `highscores` (`game_id`, `highscore_name`, `id`, `requires_video`) values ('jak3', 'Eco Grid Game', 21, 1);
insert or ignore into `highscores` (`game_id`, `highscore_name`, `id`, `requires_video`) values ('jak3', 'Marauders Challenge', 22, 1);
insert or ignore into `highscores_players` (`id`, `player_name`) values (1, 'xTVaser');
insert or ignore into `highscores_players` (`id`, `player_name`) values (3, 'Unreal704');
insert or ignore into `highscores_players` (`id`, `player_name`) values (4, 'DJtomjak73');
insert or ignore into `highscores_players` (`id`, `player_name`) values (5, 'blahpy');
insert or ignore into `highscores_players` (`id`, `player_name`) values (6, 'Tanman');
insert or ignore into `highscores_players` (`id`, `player_name`) values (7, 'Tsouze');
insert or ignore into `highscores_players` (`id`, `player_name`) values (8, '25gilles');
insert or ignore into `highscores_players` (`id`, `player_name`) values (9, 'Raccoon_1337');
insert or ignore into `highscores_players` (`id`, `player_name`) values (10, 'Nu');
insert or ignore into `highscores_players` (`id`, `player_name`) values (11, 'Grig');
insert or ignore into `highscores_players` (`id`, `player_name`) values (12, 'R13arr');
insert or ignore into `highscores_players` (`id`, `player_name`) values (13, 'Lombax_Blaster');
insert or ignore into `highscores_players` (`id`, `player_name`) values (14, 'Thesxysaxman');
insert or ignore into `highscores_players` (`id`, `player_name`) values (15, 'MikeGamePro');
insert or ignore into `highscores_players` (`id`, `player_name`) values (16, 'Trotzzzzzz');
insert or ignore into `highscores_players` (`id`, `player_name`) values (17, 'aslov2137');
insert or ignore into `highscores_players` (`id`, `player_name`) values (18, 'OutrageousJosh');
insert or ignore into `highscores_players` (`id`, `player_name`) values (19, 'hsblue');
insert or ignore into `highscores_players` (`id`, `player_name`) values (20, 'USneakyTurtle');
insert or ignore into `highscores_players` (`id`, `player_name`) values (21, 'Powercell Zeke');
insert or ignore into `highscores_players` (`id`, `player_name`) values (22, 'JayVondy');
insert or ignore into `highscores_players` (`id`, `player_name`) values (23, 'GScatcher');
insert or ignore into `highscores_players` (`id`, `player_name`) values (24, 'DarkEcoDemon');
insert or ignore into `highscores_players` (`id`, `player_name`) values (25, 'Azure210');
insert or ignore into `highscores_players` (`id`, `player_name`) values (26, 'CalebTheSpeedRunner');
insert or ignore into `highscores_players` (`id`, `player_name`) values (27, 'Rozer');
insert or ignore into `highscores_players` (`id`, `player_name`) values (28, 'WoTin707');
insert or ignore into `highscores_players` (`id`, `player_name`) values (29, 'Goofy358');
-- NOTE - these are existing runs taken from the highscores spreadsheet and the old jakspeedruns.com
insert or ignore into `highscores_entries` (`archived`, `highscore_id`, `id`, `player_id`, `score`, `timestamp`, `video_link`) values (0, 2, 4, 1, 14163, NULL, NULL);
insert or ignore into `highscores_entries` (`archived`, `highscore_id`, `id`, `player_id`, `score`, `timestamp`, `video_link`) values (0, 2, 5, 3, 13927, NULL, NULL);
insert or ignore into `highscores_entries` (`archived`, `highscore_id`, `id`, `player_id`, `score`, `timestamp`, `video_link`) values (0, 2, 6, 4, 13681, NULL, NULL);
insert or ignore into `highscores_entries` (`archived`, `highscore_id`, `id`, `player_id`, `score`, `timestamp`, `video_link`) values (0, 2, 7, 5, 13092, NULL, NULL);
insert or ignore into `highscores_entries` (`archived`, `highscore_id`, `id`, `player_id`, `score`, `timestamp`, `video_link`) values (0, 3, 8, 3, 20810, NULL, NULL);
insert or ignore into `highscores_entries` (`archived`, `highscore_id`, `id`, `player_id`, `score`, `timestamp`, `video_link`) values (0, 3, 9, 1, 19614, NULL, NULL);
insert or ignore into `highscores_entries` (`archived`, `highscore_id`, `id`, `player_id`, `score`, `timestamp`, `video_link`) values (0, 3, 10, 4, 19333, NULL, NULL);
insert or ignore into `highscores_entries` (`archived`, `highscore_id`, `id`, `player_id`, `score`, `timestamp`, `video_link`) values (0, 3, 11, 5, 15922, NULL, NULL);
insert or ignore into `highscores_entries` (`archived`, `highscore_id`, `id`, `player_id`, `score`, `timestamp`, `video_link`) values (0, 4, 12, 1, 27841, NULL, NULL);
insert or ignore into `highscores_entries` (`archived`, `highscore_id`, `id`, `player_id`, `score`, `timestamp`, `video_link`) values (0, 4, 13, 3, 27441, NULL, NULL);
insert or ignore into `highscores_entries` (`archived`, `highscore_id`, `id`, `player_id`, `score`, `timestamp`, `video_link`) values (0, 4, 14, 4, 21073, NULL, NULL);
insert or ignore into `highscores_entries` (`archived`, `highscore_id`, `id`, `player_id`, `score`, `timestamp`, `video_link`) values (0, 4, 15, 5, 15798, NULL, NULL);
insert or ignore into `highscores_entries` (`archived`, `highscore_id`, `id`, `player_id`, `score`, `timestamp`, `video_link`) values (0, 5, 16, 6, 22043, NULL, NULL);
insert or ignore into `highscores_entries` (`archived`, `highscore_id`, `id`, `player_id`, `score`, `timestamp`, `video_link`) values (0, 5, 17, 1, 21201, NULL, NULL);
insert or ignore into `highscores_entries` (`archived`, `highscore_id`, `id`, `player_id`, `score`, `timestamp`, `video_link`) values (0, 5, 18, 3, 20436, NULL, NULL);
insert or ignore into `highscores_entries` (`archived`, `highscore_id`, `id`, `player_id`, `score`, `timestamp`, `video_link`) values (0, 5, 19, 4, 19102, NULL, NULL);
insert or ignore into `highscores_entries` (`archived`, `highscore_id`, `id`, `player_id`, `score`, `timestamp`, `video_link`) values (0, 5, 20, 5, 15096, NULL, NULL);
insert or ignore into `highscores_entries` (`archived`, `highscore_id`, `id`, `player_id`, `score`, `timestamp`, `video_link`) values (0, 6, 21, 4, 263975, NULL, 'https://www.youtube.com/watch?v=RSjsODKMHO0');
insert or ignore into `highscores_entries` (`archived`, `highscore_id`, `id`, `player_id`, `score`, `timestamp`, `video_link`) values (0, 6, 22, 3, 191025, NULL, NULL);
insert or ignore into `highscores_entries` (`archived`, `highscore_id`, `id`, `player_id`, `score`, `timestamp`, `video_link`) values (0, 6, 23, 7, 181925, NULL, NULL);
insert or ignore into `highscores_entries` (`archived`, `highscore_id`, `id`, `player_id`, `score`, `timestamp`, `video_link`) values (0, 6, 24, 5, 140950, NULL, NULL);
insert or ignore into `highscores_entries` (`archived`, `highscore_id`, `id`, `player_id`, `score`, `timestamp`, `video_link`) values (0, 7, 25, 8, 4351, NULL, 'https://www.youtube.com/watch?v=l1s9n7cEirQ');
insert or ignore into `highscores_entries` (`archived`, `highscore_id`, `id`, `player_id`, `score`, `timestamp`, `video_link`) values (0, 7, 26, 4, 4110, NULL, NULL);
insert or ignore into `highscores_entries` (`archived`, `highscore_id`, `id`, `player_id`, `score`, `timestamp`, `video_link`) values (0, 7, 27, 5, 1041, NULL, NULL);
insert or ignore into `highscores_entries` (`archived`, `highscore_id`, `id`, `player_id`, `score`, `timestamp`, `video_link`) values (0, 8, 28, 1, 10730, NULL, NULL);
insert or ignore into `highscores_entries` (`archived`, `highscore_id`, `id`, `player_id`, `score`, `timestamp`, `video_link`) values (0, 8, 29, 4, 7010, NULL, NULL);
insert or ignore into `highscores_entries` (`archived`, `highscore_id`, `id`, `player_id`, `score`, `timestamp`, `video_link`) values (0, 8, 30, 5, 1550, NULL, NULL);
insert or ignore into `highscores_entries` (`archived`, `highscore_id`, `id`, `player_id`, `score`, `timestamp`, `video_link`) values (0, 9, 31, 9, 13377, NULL, 'http://www.twitch.tv/raccoon_1337/c/4862479');
insert or ignore into `highscores_entries` (`archived`, `highscore_id`, `id`, `player_id`, `score`, `timestamp`, `video_link`) values (0, 9, 32, 4, 9954, NULL, NULL);
insert or ignore into `highscores_entries` (`archived`, `highscore_id`, `id`, `player_id`, `score`, `timestamp`, `video_link`) values (0, 9, 33, 10, 2076, NULL, NULL);
insert or ignore into `highscores_entries` (`archived`, `highscore_id`, `id`, `player_id`, `score`, `timestamp`, `video_link`) values (0, 9, 34, 11, 1979, NULL, NULL);
insert or ignore into `highscores_entries` (`archived`, `highscore_id`, `id`, `player_id`, `score`, `timestamp`, `video_link`) values (0, 9, 35, 5, 1170, NULL, NULL);
insert or ignore into `highscores_entries` (`archived`, `highscore_id`, `id`, `player_id`, `score`, `timestamp`, `video_link`) values (0, 10, 36, 4, 28.62, NULL, 'https://www.youtube.com/watch?v=Yd-wUTLsHo8');
insert or ignore into `highscores_entries` (`archived`, `highscore_id`, `id`, `player_id`, `score`, `timestamp`, `video_link`) values (0, 10, 37, 5, 26.69, NULL, NULL);
insert or ignore into `highscores_entries` (`archived`, `highscore_id`, `id`, `player_id`, `score`, `timestamp`, `video_link`) values (0, 11, 38, 4, 55.5, NULL, 'https://www.youtube.com/watch?v=Yd-wUTLsHo8');
insert or ignore into `highscores_entries` (`archived`, `highscore_id`, `id`, `player_id`, `score`, `timestamp`, `video_link`) values (0, 11, 39, 5, 49.48, NULL, NULL);
insert or ignore into `highscores_entries` (`archived`, `highscore_id`, `id`, `player_id`, `score`, `timestamp`, `video_link`) values (0, 12, 40, 4, 2229.2, NULL, 'https://www.youtube.com/watch?v=tLqCGYEotP8');
insert or ignore into `highscores_entries` (`archived`, `highscore_id`, `id`, `player_id`, `score`, `timestamp`, `video_link`) values (0, 12, 41, 5, 1711.8, NULL, NULL);
insert or ignore into `highscores_entries` (`archived`, `highscore_id`, `id`, `player_id`, `score`, `timestamp`, `video_link`) values (0, 12, 42, 9, 526, NULL, NULL);
insert or ignore into `highscores_entries` (`archived`, `highscore_id`, `id`, `player_id`, `score`, `timestamp`, `video_link`) values (0, 13, 43, 4, 2809.2, NULL, 'https://www.youtube.com/watch?v=tLqCGYEotP8');
insert or ignore into `highscores_entries` (`archived`, `highscore_id`, `id`, `player_id`, `score`, `timestamp`, `video_link`) values (0, 13, 44, 5, 1752.4, NULL, NULL);
insert or ignore into `highscores_entries` (`archived`, `highscore_id`, `id`, `player_id`, `score`, `timestamp`, `video_link`) values (0, 14, 45, 4, 16, NULL, 'https://www.youtube.com/watch?v=oNlPE6cwAzQ');
insert or ignore into `highscores_entries` (`archived`, `highscore_id`, `id`, `player_id`, `score`, `timestamp`, `video_link`) values (0, 14, 46, 13, 13, NULL, 'https://www.youtube.com/watch?v=Oe-acgSCxag&list=UUN7kkMwCaQX3Tc2NMKxToVQ');
insert or ignore into `highscores_entries` (`archived`, `highscore_id`, `id`, `player_id`, `score`, `timestamp`, `video_link`) values (0, 14, 47, 5, 12, NULL, NULL);
insert or ignore into `highscores_entries` (`archived`, `highscore_id`, `id`, `player_id`, `score`, `timestamp`, `video_link`) values (0, 15, 48, 9, 242143, NULL, NULL);
insert or ignore into `highscores_entries` (`archived`, `highscore_id`, `id`, `player_id`, `score`, `timestamp`, `video_link`) values (0, 15, 49, 4, 159162, NULL, NULL);
insert or ignore into `highscores_entries` (`archived`, `highscore_id`, `id`, `player_id`, `score`, `timestamp`, `video_link`) values (0, 15, 50, 11, 143661, NULL, NULL);
insert or ignore into `highscores_entries` (`archived`, `highscore_id`, `id`, `player_id`, `score`, `timestamp`, `video_link`) values (0, 15, 51, 5, 40252, NULL, NULL);
insert or ignore into `highscores_entries` (`archived`, `highscore_id`, `id`, `player_id`, `score`, `timestamp`, `video_link`) values (0, 16, 52, 4, 219500, NULL, NULL);
insert or ignore into `highscores_entries` (`archived`, `highscore_id`, `id`, `player_id`, `score`, `timestamp`, `video_link`) values (0, 16, 53, 14, 183025, NULL, NULL);
insert or ignore into `highscores_entries` (`archived`, `highscore_id`, `id`, `player_id`, `score`, `timestamp`, `video_link`) values (0, 16, 54, 5, 150625, NULL, NULL);
insert or ignore into `highscores_entries` (`archived`, `highscore_id`, `id`, `player_id`, `score`, `timestamp`, `video_link`) values (0, 16, 55, 9, 133025, NULL, NULL);
insert or ignore into `highscores_entries` (`archived`, `highscore_id`, `id`, `player_id`, `score`, `timestamp`, `video_link`) values (0, 17, 56, 4, 18986, NULL, NULL);
insert or ignore into `highscores_entries` (`archived`, `highscore_id`, `id`, `player_id`, `score`, `timestamp`, `video_link`) values (0, 17, 57, 5, 17376, NULL, NULL);
insert or ignore into `highscores_entries` (`archived`, `highscore_id`, `id`, `player_id`, `score`, `timestamp`, `video_link`) values (0, 18, 58, 4, 19004, NULL, NULL);
insert or ignore into `highscores_entries` (`archived`, `highscore_id`, `id`, `player_id`, `score`, `timestamp`, `video_link`) values (0, 18, 59, 5, 17145, NULL, NULL);
insert or ignore into `highscores_entries` (`archived`, `highscore_id`, `id`, `player_id`, `score`, `timestamp`, `video_link`) values (0, 19, 60, 4, 22048, NULL, NULL);
insert or ignore into `highscores_entries` (`archived`, `highscore_id`, `id`, `player_id`, `score`, `timestamp`, `video_link`) values (0, 19, 61, 5, 21241, NULL, NULL);
insert or ignore into `highscores_entries` (`archived`, `highscore_id`, `id`, `player_id`, `score`, `timestamp`, `video_link`) values (0, 20, 62, 4, 16440, NULL, NULL);
insert or ignore into `highscores_entries` (`archived`, `highscore_id`, `id`, `player_id`, `score`, `timestamp`, `video_link`) values (0, 20, 63, 5, 16056, NULL, NULL);
insert or ignore into `highscores_entries` (`archived`, `highscore_id`, `id`, `player_id`, `score`, `timestamp`, `video_link`) values (0, 21, 64, 9, 1648, NULL, NULL);
insert or ignore into `highscores_entries` (`archived`, `highscore_id`, `id`, `player_id`, `score`, `timestamp`, `video_link`) values (0, 21, 65, 14, 1507, NULL, NULL);
insert or ignore into `highscores_entries` (`archived`, `highscore_id`, `id`, `player_id`, `score`, `timestamp`, `video_link`) values (0, 21, 66, 4, 1206, NULL, NULL);
insert or ignore into `highscores_entries` (`archived`, `highscore_id`, `id`, `player_id`, `score`, `timestamp`, `video_link`) values (0, 21, 67, 5, 1003, NULL, NULL);
insert or ignore into `highscores_entries` (`archived`, `highscore_id`, `id`, `player_id`, `score`, `timestamp`, `video_link`) values (0, 22, 68, 4, 74, NULL, NULL);
insert or ignore into `highscores_entries` (`archived`, `highscore_id`, `id`, `player_id`, `score`, `timestamp`, `video_link`) values (0, 22, 69, 5, 70, NULL, NULL);
insert or ignore into `highscores_entries` (`archived`, `highscore_id`, `id`, `player_id`, `score`, `timestamp`, `video_link`) values (0, 1, 70, 15, 3823, NULL, 'https://www.twitch.tv/videos/1119750579?t=00h36m37s');
insert or ignore into `highscores_entries` (`archived`, `highscore_id`, `id`, `player_id`, `score`, `timestamp`, `video_link`) values (0, 1, 71, 16, 3402, NULL, 'https://youtu.be/jvaXH878_8Q');
insert or ignore into `highscores_entries` (`archived`, `highscore_id`, `id`, `player_id`, `score`, `timestamp`, `video_link`) values (0, 1, 72, 17, 2373, NULL, 'https://www.twitch.tv/videos/1632755272');
insert or ignore into `highscores_entries` (`archived`, `highscore_id`, `id`, `player_id`, `score`, `timestamp`, `video_link`) values (0, 1, 73, 18, 2195, NULL, 'https://youtu.be/vXWJgVl4xjc');
insert or ignore into `highscores_entries` (`archived`, `highscore_id`, `id`, `player_id`, `score`, `timestamp`, `video_link`) values (0, 1, 74, 19, 1782, NULL, 'https://youtu.be/etZ_9ydGZZY');
insert or ignore into `highscores_entries` (`archived`, `highscore_id`, `id`, `player_id`, `score`, `timestamp`, `video_link`) values (0, 1, 75, 20, 1601, NULL, 'https://youtu.be/4SYE9P-u4R4');
insert or ignore into `highscores_entries` (`archived`, `highscore_id`, `id`, `player_id`, `score`, `timestamp`, `video_link`) values (0, 1, 76, 21, 1573, NULL, 'https://youtu.be/E0txWxvRv9Q');
insert or ignore into `highscores_entries` (`archived`, `highscore_id`, `id`, `player_id`, `score`, `timestamp`, `video_link`) values (0, 1, 77, 22, 1341, NULL, 'https://youtu.be/C8gWKS8DU1E');
insert or ignore into `highscores_entries` (`archived`, `highscore_id`, `id`, `player_id`, `score`, `timestamp`, `video_link`) values (0, 1, 78, 23, 1223, NULL, 'https://www.twitch.tv/videos/1101409027');
insert or ignore into `highscores_entries` (`archived`, `highscore_id`, `id`, `player_id`, `score`, `timestamp`, `video_link`) values (0, 1, 79, 24, 1005, NULL, 'https://youtu.be/aN3spcWqrdY');
insert or ignore into `highscores_entries` (`archived`, `highscore_id`, `id`, `player_id`, `score`, `timestamp`, `video_link`) values (0, 1, 80, 25, 659, NULL, 'https://www.twitch.tv/videos/1054985325');
insert or ignore into `highscores_entries` (`archived`, `highscore_id`, `id`, `player_id`, `score`, `timestamp`, `video_link`) values (0, 1, 81, 26, 646, NULL, 'https://youtu.be/WFEIyNKKec4');
insert or ignore into `highscores_entries` (`archived`, `highscore_id`, `id`, `player_id`, `score`, `timestamp`, `video_link`) values (0, 1, 82, 27, 201, NULL, 'https://youtu.be/UoWyCtqWcYs');
insert or ignore into `highscores_entries` (`archived`, `highscore_id`, `id`, `player_id`, `score`, `timestamp`, `video_link`) values (0, 9, 83, 19, 15067, NULL, 'https://youtu.be/DiScJn3uzio');
insert or ignore into `highscores_entries` (`archived`, `highscore_id`, `id`, `player_id`, `score`, `timestamp`, `video_link`) values (0, 10, 84, 19, 28.69, NULL, 'https://youtu.be/1XMJWZxjgls');
insert or ignore into `highscores_entries` (`archived`, `highscore_id`, `id`, `player_id`, `score`, `timestamp`, `video_link`) values (0, 11, 85, 19, 57.91, NULL, 'https://youtu.be/romqPKRg_Ow');
insert or ignore into `highscores_entries` (`archived`, `highscore_id`, `id`, `player_id`, `score`, `timestamp`, `video_link`) values (0, 12, 86, 19, 2414.4, NULL, 'https://youtu.be/br8XE4IZnhQ');
insert or ignore into `highscores_entries` (`archived`, `highscore_id`, `id`, `player_id`, `score`, `timestamp`, `video_link`) values (0, 13, 87, 19, 3733.4, NULL, 'https://youtu.be/BU1qSxQBM7E');
insert or ignore into `highscores_entries` (`archived`, `highscore_id`, `id`, `player_id`, `score`, `timestamp`, `video_link`) values (0, 14, 88, 19, 18, NULL, 'https://youtu.be/YL1cCtw1qaA');
insert or ignore into `highscores_entries` (`archived`, `highscore_id`, `id`, `player_id`, `score`, `timestamp`, `video_link`) values (0, 22, 89, 19, 125, NULL, 'https://youtu.be/kxWpqSFk9VE');
insert or ignore into `highscores_entries` (`archived`, `highscore_id`, `id`, `player_id`, `score`, `timestamp`, `video_link`) values (0, 16, 90, 19, 501200, NULL, 'https://youtu.be/obkZRlnaRBM');
insert or ignore into `highscores_entries` (`archived`, `highscore_id`, `id`, `player_id`, `score`, `timestamp`, `video_link`) values (0, 21, 91, 19, 1997, NULL, 'https://youtu.be/Y_F66H1CGyM');
insert or ignore into `highscores_entries` (`archived`, `highscore_id`, `id`, `player_id`, `score`, `timestamp`, `video_link`) values (0, 15, 92, 19, 4348442, NULL, 'https://youtu.be/dI3bjZvnSSU');
insert or ignore into `highscores_entries` (`archived`, `highscore_id`, `id`, `player_id`, `score`, `timestamp`, `video_link`) values (0, 17, 93, 19, 18993, NULL, 'https://youtu.be/nNRN_ZoOY5s');
insert or ignore into `highscores_entries` (`archived`, `highscore_id`, `id`, `player_id`, `score`, `timestamp`, `video_link`) values (0, 18, 94, 19, 19783, NULL, 'https://youtu.be/4tIcvalooUQ');
insert or ignore into `highscores_entries` (`archived`, `highscore_id`, `id`, `player_id`, `score`, `timestamp`, `video_link`) values (0, 19, 95, 19, 22056, NULL, 'https://youtu.be/LEyDVXt0n_8');
insert or ignore into `highscores_entries` (`archived`, `highscore_id`, `id`, `player_id`, `score`, `timestamp`, `video_link`) values (0, 20, 96, 19, 16765, NULL, 'https://youtu.be/DJDIpbOYdtk');
