insert or ignore into `highscores` (`game_id`, `highscore_name`, `id`, `requires_video`) values ('jak1', 'Fish', 1, 1);
insert or ignore into `highscores` (`game_id`, `highscore_name`, `id`, `requires_video`) values ('jak2', 'Scatter Gun Gun Course', 2, 1);
insert or ignore into `highscores` (`game_id`, `highscore_name`, `id`, `requires_video`) values ('jak2', 'Blaster Gun Gun Course', 3, 1);
insert or ignore into `highscores` (`game_id`, `highscore_name`, `id`, `requires_video`) values ('jak2', 'Vulcan Barrel Gun Course', 4, 1);
insert or ignore into `highscores` (`game_id`, `highscore_name`, `id`, `requires_video`) values ('jak2', 'Peacemaker Gun Course', 5, 1);
insert or ignore into `highscores` (`game_id`, `highscore_name`, `id`, `requires_video`) values ('jak2', 'Jetboard Challenge', 6, 1);
insert or ignore into `highscores` (`game_id`, `highscore_name`, `id`, `requires_video`) values ('jak2', 'Onin''s Game', 7, 1);
insert or ignore into `highscores` (`game_id`, `highscore_name`, `id`, `requires_video`) values ('jak2', 'Metal Head Mash', 8, 1);
insert or ignore into `highscores` (`game_id`, `highscore_name`, `id`, `requires_video`) values ('jak3', 'Satellite Game', 9, 1);
insert or ignore into `highscores` (`game_id`, `highscore_name`, `id`, `requires_video`) values ('jak3', 'Single Hang Time Challenge', 10, 1);
insert or ignore into `highscores` (`game_id`, `highscore_name`, `id`, `requires_video`) values ('jak3', 'Total Hang Time Challenge', 11, 1);
insert or ignore into `highscores` (`game_id`, `highscore_name`, `id`, `requires_video`) values ('jak3', 'Single Distance Challenge', 12, 1);
insert or ignore into `highscores` (`game_id`, `highscore_name`, `id`, `requires_video`) values ('jak3', 'Total Distance Challenge', 13, 1);
insert or ignore into `highscores` (`game_id`, `highscore_name`, `id`, `requires_video`) values ('jak3', 'Roll Challlenge', 14, 1);
insert or ignore into `highscores` (`game_id`, `highscore_name`, `id`, `requires_video`) values ('jak3', 'Spargus Turret Game', 15, 1);
insert or ignore into `highscores` (`game_id`, `highscore_name`, `id`, `requires_video`) values ('jak3', 'Jetboard Challenge', 16, 1);
insert or ignore into `highscores` (`game_id`, `highscore_name`, `id`, `requires_video`) values ('jak3', 'Beam Reflexor Gun Course', 17, 1);
insert or ignore into `highscores` (`game_id`, `highscore_name`, `id`, `requires_video`) values ('jak3', 'Wave Concussor Gun Course', 18, 1);
insert or ignore into `highscores` (`game_id`, `highscore_name`, `id`, `requires_video`) values ('jak3', 'Ratchet Gun Course', 19, 1);
insert or ignore into `highscores` (`game_id`, `highscore_name`, `id`, `requires_video`) values ('jak3', 'Clank Gun Course', 20, 1);
insert or ignore into `highscores` (`game_id`, `highscore_name`, `id`, `requires_video`) values ('jak3', 'Eco Grid Game', 21, 1);
insert or ignore into `highscores` (`game_id`, `highscore_name`, `id`, `requires_video`) values ('jak3', 'Marauders Challenge', 22, 1);
insert or ignore into `highscores_players` (`id`, `player_name`) values (1, 'xtvaser');
insert or ignore into `highscores_players` (`id`, `player_name`) values (3, 'unreal704');
insert or ignore into `highscores_players` (`id`, `player_name`) values (4, 'djtomjak73');
insert or ignore into `highscores_players` (`id`, `player_name`) values (5, 'blahpy');
insert or ignore into `highscores_players` (`id`, `player_name`) values (6, 'tanman');
insert or ignore into `highscores_players` (`id`, `player_name`) values (7, 'tsouze');
insert or ignore into `highscores_players` (`id`, `player_name`) values (8, '25gilles');
insert or ignore into `highscores_players` (`id`, `player_name`) values (9, 'raccoon_1337');
insert or ignore into `highscores_players` (`id`, `player_name`) values (10, 'nu');
insert or ignore into `highscores_players` (`id`, `player_name`) values (11, 'grig');
insert or ignore into `highscores_players` (`id`, `player_name`) values (12, 'r13arr');
insert or ignore into `highscores_players` (`id`, `player_name`) values (13, 'lombax_blaster');
insert or ignore into `highscores_players` (`id`, `player_name`) values (14, 'thesxysaxman');
-- NOTE - these are existing runs taken from the highscores spreadsheet
insert or ignore into `highscores_entries` (`archived`, `highscore_id`, `id`, `player_id`, `score`, `video_link`) values (0, 2, 4, 1, '14163', NULL);
insert or ignore into `highscores_entries` (`archived`, `highscore_id`, `id`, `player_id`, `score`, `video_link`) values (0, 2, 5, 3, '13927', NULL);
insert or ignore into `highscores_entries` (`archived`, `highscore_id`, `id`, `player_id`, `score`, `video_link`) values (0, 2, 6, 4, '13681', NULL);
insert or ignore into `highscores_entries` (`archived`, `highscore_id`, `id`, `player_id`, `score`, `video_link`) values (0, 2, 7, 5, '13092', NULL);
insert or ignore into `highscores_entries` (`archived`, `highscore_id`, `id`, `player_id`, `score`, `video_link`) values (0, 3, 8, 3, '20810', NULL);
insert or ignore into `highscores_entries` (`archived`, `highscore_id`, `id`, `player_id`, `score`, `video_link`) values (0, 3, 9, 1, '19614', NULL);
insert or ignore into `highscores_entries` (`archived`, `highscore_id`, `id`, `player_id`, `score`, `video_link`) values (0, 3, 10, 4, '19333', NULL);
insert or ignore into `highscores_entries` (`archived`, `highscore_id`, `id`, `player_id`, `score`, `video_link`) values (0, 3, 11, 5, '15922', NULL);
insert or ignore into `highscores_entries` (`archived`, `highscore_id`, `id`, `player_id`, `score`, `video_link`) values (0, 4, 12, 1, '27841', NULL);
insert or ignore into `highscores_entries` (`archived`, `highscore_id`, `id`, `player_id`, `score`, `video_link`) values (0, 4, 13, 3, '27441', NULL);
insert or ignore into `highscores_entries` (`archived`, `highscore_id`, `id`, `player_id`, `score`, `video_link`) values (0, 4, 14, 4, '21073', NULL);
insert or ignore into `highscores_entries` (`archived`, `highscore_id`, `id`, `player_id`, `score`, `video_link`) values (0, 4, 15, 5, '15798', NULL);
insert or ignore into `highscores_entries` (`archived`, `highscore_id`, `id`, `player_id`, `score`, `video_link`) values (0, 5, 16, 6, '22043', NULL);
insert or ignore into `highscores_entries` (`archived`, `highscore_id`, `id`, `player_id`, `score`, `video_link`) values (0, 5, 17, 1, '21201', NULL);
insert or ignore into `highscores_entries` (`archived`, `highscore_id`, `id`, `player_id`, `score`, `video_link`) values (0, 5, 18, 3, '20436', NULL);
insert or ignore into `highscores_entries` (`archived`, `highscore_id`, `id`, `player_id`, `score`, `video_link`) values (0, 5, 19, 4, '19102', NULL);
insert or ignore into `highscores_entries` (`archived`, `highscore_id`, `id`, `player_id`, `score`, `video_link`) values (0, 5, 20, 5, '15096', NULL);
insert or ignore into `highscores_entries` (`archived`, `highscore_id`, `id`, `player_id`, `score`, `video_link`) values (0, 6, 21, 4, '263975', 'https://www.youtube.com/watch?v=RSjsODKMHO0');
insert or ignore into `highscores_entries` (`archived`, `highscore_id`, `id`, `player_id`, `score`, `video_link`) values (0, 6, 22, 3, '191025', NULL);
insert or ignore into `highscores_entries` (`archived`, `highscore_id`, `id`, `player_id`, `score`, `video_link`) values (0, 6, 23, 7, '181925', NULL);
insert or ignore into `highscores_entries` (`archived`, `highscore_id`, `id`, `player_id`, `score`, `video_link`) values (0, 6, 24, 5, '140950', NULL);
insert or ignore into `highscores_entries` (`archived`, `highscore_id`, `id`, `player_id`, `score`, `video_link`) values (0, 7, 25, 8, '4351', 'https://www.youtube.com/watch?v=l1s9n7cEirQ');
insert or ignore into `highscores_entries` (`archived`, `highscore_id`, `id`, `player_id`, `score`, `video_link`) values (0, 7, 26, 4, '4110', NULL);
insert or ignore into `highscores_entries` (`archived`, `highscore_id`, `id`, `player_id`, `score`, `video_link`) values (0, 7, 27, 5, '1041', NULL);
insert or ignore into `highscores_entries` (`archived`, `highscore_id`, `id`, `player_id`, `score`, `video_link`) values (0, 8, 28, 1, '10730', NULL);
insert or ignore into `highscores_entries` (`archived`, `highscore_id`, `id`, `player_id`, `score`, `video_link`) values (0, 8, 29, 4, '7010', NULL);
insert or ignore into `highscores_entries` (`archived`, `highscore_id`, `id`, `player_id`, `score`, `video_link`) values (0, 8, 30, 5, '1550', NULL);
insert or ignore into `highscores_entries` (`archived`, `highscore_id`, `id`, `player_id`, `score`, `video_link`) values (0, 9, 31, 9, '13377', 'http://www.twitch.tv/raccoon_1337/c/4862479');
insert or ignore into `highscores_entries` (`archived`, `highscore_id`, `id`, `player_id`, `score`, `video_link`) values (0, 9, 32, 4, '9954', NULL);
insert or ignore into `highscores_entries` (`archived`, `highscore_id`, `id`, `player_id`, `score`, `video_link`) values (0, 9, 33, 10, '2076', NULL);
insert or ignore into `highscores_entries` (`archived`, `highscore_id`, `id`, `player_id`, `score`, `video_link`) values (0, 9, 34, 11, '1979', NULL);
insert or ignore into `highscores_entries` (`archived`, `highscore_id`, `id`, `player_id`, `score`, `video_link`) values (0, 9, 35, 5, '1170', NULL);
insert or ignore into `highscores_entries` (`archived`, `highscore_id`, `id`, `player_id`, `score`, `video_link`) values (0, 10, 36, 4, '28.62', 'https://www.youtube.com/watch?v=Yd-wUTLsHo8');
insert or ignore into `highscores_entries` (`archived`, `highscore_id`, `id`, `player_id`, `score`, `video_link`) values (0, 10, 37, 5, '26.69', NULL);
insert or ignore into `highscores_entries` (`archived`, `highscore_id`, `id`, `player_id`, `score`, `video_link`) values (0, 11, 38, 4, '55.50', 'https://www.youtube.com/watch?v=Yd-wUTLsHo8');
insert or ignore into `highscores_entries` (`archived`, `highscore_id`, `id`, `player_id`, `score`, `video_link`) values (0, 11, 39, 5, '49.48', NULL);
insert or ignore into `highscores_entries` (`archived`, `highscore_id`, `id`, `player_id`, `score`, `video_link`) values (0, 12, 40, 4, '2229.2', 'https://www.youtube.com/watch?v=tLqCGYEotP8');
insert or ignore into `highscores_entries` (`archived`, `highscore_id`, `id`, `player_id`, `score`, `video_link`) values (0, 12, 41, 5, '1711.8', NULL);
insert or ignore into `highscores_entries` (`archived`, `highscore_id`, `id`, `player_id`, `score`, `video_link`) values (0, 12, 42, 9, '526.0', NULL);
insert or ignore into `highscores_entries` (`archived`, `highscore_id`, `id`, `player_id`, `score`, `video_link`) values (0, 13, 43, 4, '2809.2', 'https://www.youtube.com/watch?v=tLqCGYEotP8');
insert or ignore into `highscores_entries` (`archived`, `highscore_id`, `id`, `player_id`, `score`, `video_link`) values (0, 13, 44, 5, '1752.4', NULL);
insert or ignore into `highscores_entries` (`archived`, `highscore_id`, `id`, `player_id`, `score`, `video_link`) values (0, 14, 45, 4, '16', 'https://www.youtube.com/watch?v=oNlPE6cwAzQ');
insert or ignore into `highscores_entries` (`archived`, `highscore_id`, `id`, `player_id`, `score`, `video_link`) values (0, 14, 46, 13, '13', 'https://www.youtube.com/watch?v=Oe-acgSCxag&list=UUN7kkMwCaQX3Tc2NMKxToVQ');
insert or ignore into `highscores_entries` (`archived`, `highscore_id`, `id`, `player_id`, `score`, `video_link`) values (0, 14, 47, 5, '12', NULL);
insert or ignore into `highscores_entries` (`archived`, `highscore_id`, `id`, `player_id`, `score`, `video_link`) values (0, 15, 48, 9, '242143', NULL);
insert or ignore into `highscores_entries` (`archived`, `highscore_id`, `id`, `player_id`, `score`, `video_link`) values (0, 15, 49, 4, '159162', NULL);
insert or ignore into `highscores_entries` (`archived`, `highscore_id`, `id`, `player_id`, `score`, `video_link`) values (0, 15, 50, 11, '143661', NULL);
insert or ignore into `highscores_entries` (`archived`, `highscore_id`, `id`, `player_id`, `score`, `video_link`) values (0, 15, 51, 5, '40252', NULL);
insert or ignore into `highscores_entries` (`archived`, `highscore_id`, `id`, `player_id`, `score`, `video_link`) values (0, 16, 52, 4, '219500', NULL);
insert or ignore into `highscores_entries` (`archived`, `highscore_id`, `id`, `player_id`, `score`, `video_link`) values (0, 16, 53, 14, '183025', NULL);
insert or ignore into `highscores_entries` (`archived`, `highscore_id`, `id`, `player_id`, `score`, `video_link`) values (0, 16, 54, 5, '150625', NULL);
insert or ignore into `highscores_entries` (`archived`, `highscore_id`, `id`, `player_id`, `score`, `video_link`) values (0, 16, 55, 9, '133025', NULL);
insert or ignore into `highscores_entries` (`archived`, `highscore_id`, `id`, `player_id`, `score`, `video_link`) values (0, 17, 56, 4, '18986', NULL);
insert or ignore into `highscores_entries` (`archived`, `highscore_id`, `id`, `player_id`, `score`, `video_link`) values (0, 17, 57, 5, '17376', NULL);
insert or ignore into `highscores_entries` (`archived`, `highscore_id`, `id`, `player_id`, `score`, `video_link`) values (0, 18, 58, 4, '19004', NULL);
insert or ignore into `highscores_entries` (`archived`, `highscore_id`, `id`, `player_id`, `score`, `video_link`) values (0, 18, 59, 5, '17145', NULL);
insert or ignore into `highscores_entries` (`archived`, `highscore_id`, `id`, `player_id`, `score`, `video_link`) values (0, 19, 60, 4, '22048', NULL);
insert or ignore into `highscores_entries` (`archived`, `highscore_id`, `id`, `player_id`, `score`, `video_link`) values (0, 19, 61, 5, '21241', NULL);
insert or ignore into `highscores_entries` (`archived`, `highscore_id`, `id`, `player_id`, `score`, `video_link`) values (0, 20, 62, 4, '16440', NULL);
insert or ignore into `highscores_entries` (`archived`, `highscore_id`, `id`, `player_id`, `score`, `video_link`) values (0, 20, 63, 5, '16056', NULL);
insert or ignore into `highscores_entries` (`archived`, `highscore_id`, `id`, `player_id`, `score`, `video_link`) values (0, 21, 64, 9, '1648', NULL);
insert or ignore into `highscores_entries` (`archived`, `highscore_id`, `id`, `player_id`, `score`, `video_link`) values (0, 21, 65, 14, '1507', NULL);
insert or ignore into `highscores_entries` (`archived`, `highscore_id`, `id`, `player_id`, `score`, `video_link`) values (0, 21, 66, 4, '1206', NULL);
insert or ignore into `highscores_entries` (`archived`, `highscore_id`, `id`, `player_id`, `score`, `video_link`) values (0, 21, 67, 5, '1003', NULL);
insert or ignore into `highscores_entries` (`archived`, `highscore_id`, `id`, `player_id`, `score`, `video_link`) values (0, 22, 68, 4, '74', NULL);
insert or ignore into `highscores_entries` (`archived`, `highscore_id`, `id`, `player_id`, `score`, `video_link`) values (0, 22, 69, 5, '70', NULL);
